Title,Date_Posted,Link
2023 Standard Chartered Bank Graduate Recruitment,"January 5, 2023",https://www.intelregion.com/jobs/2023-standard-chartered-bank-graduate-recruitment/
Fresh Job at Guaranty Trust Bank Plc,"January 5, 2023",https://www.intelregion.com/jobs/job-at-guaranty-trust-bank-plc-4/
Store Manager at Oraimo Smart Accessories,"January 5, 2023",https://www.intelregion.com/jobs/store-manager-at-oraimo-smart-accessories/
Latest Job Recruitment at Airtel Nigeria,"January 5, 2023",https://www.intelregion.com/jobs/latest-job-recruitment-at-airtel-nigeria/
Entry Level Jobs at Ascentech Services Limited,"January 5, 2023",https://www.intelregion.com/jobs/jobs-at-ascentech-services-limited-9/
Job Vacancy at Deloitte Nigeria,"January 5, 2023",https://www.intelregion.com/jobs/job-vacancy-at-deloitte-nigeria/
Fresh Vacancy at DHL Nigeria,"January 5, 2023",https://www.intelregion.com/jobs/fresh-vacancy-at-dhl-nigeria/
Sales Representative at Dragnet Solutions Limited,"January 5, 2023",https://www.intelregion.com/jobs/sales-representative-at-dragnet-solutions-limited/
Latest Job at Cadbury Nigeria Plc – Mondelez International,"January 5, 2023",https://www.intelregion.com/jobs/latest-job-at-cadbury-nigeria-plc-3/
Latest Vacancy at KPMG Nigeria,"January 5, 2023",https://www.intelregion.com/jobs/latest-vacancy-at-kpmg-nigeria/
Front Desk Officer at LEAD Enterprise Support Company Limited,"January 4, 2023",https://www.intelregion.com/jobs/front-desk-officer-at-lead-enterprise-support-company-limited-2/
Shell Petroleum Development Company Graduate Recruitment 2023,"January 4, 2023",https://www.intelregion.com/jobs/shell-petroleum-development-company-graduate-recruitment/
Latest Job at IBEDC – Ibadan Electricity Distribution Company Plc,"January 4, 2023",https://www.intelregion.com/jobs/job-at-ibedc/
Production Officer at Cowbell Milk – Promasidor Nigeria,"January 4, 2023",https://www.intelregion.com/jobs/production-officer-at-cowbell-milk-2/
TotalEnergies Graduate Recruitment 2023,"January 4, 2023",https://www.intelregion.com/jobs/totalenergies-graduate-recruitment/
Fresh Job at MTN Nigeria,"January 4, 2023",https://www.intelregion.com/jobs/job-at-mtn-nigeria/
2023 Kuda Bank Graduate Internship,"January 4, 2023",https://www.intelregion.com/jobs/kuda-bank-graduate-internship-2/
Control Officer at First Bank of Nigeria (FBN),"January 3, 2023",https://www.intelregion.com/jobs/control-officer-at-first-bank-of-nigeria-fbn/
Clearing Officer at Flour Mills Of Nigeria Plc.,"January 3, 2023",https://www.intelregion.com/jobs/clearing-officer-at-flour-mills-of-nigeria-plc/
Latest Job at Eni Oil and Gas – AGIP,"January 3, 2023",https://www.intelregion.com/jobs/job-at-eni-oil-and-gas/
Cashier at Elizade Toyota Nigeria Limited,"January 3, 2023",https://www.intelregion.com/jobs/cashier-at-elizade-toyota-nigeria-limited/
2023 Graduate Internship Program at the International Rescue Committee (IRC),"December 29, 2022",https://www.intelregion.com/jobs/graduate-internship-program-at-the-international-rescue-committee/
Graduate Job at Viju Industries Nigeria Limited,"December 29, 2022",https://www.intelregion.com/jobs/graduate-job-at-viju-industries-nigeria-limited/
Job Opportunities at Baker Hughes,"December 29, 2022",https://www.intelregion.com/jobs/job-opportunities-at-baker-hughes/
British Council Graduate Internship Program 2023,"December 29, 2022",https://www.intelregion.com/jobs/british-council-graduate-internship-program/
Latest Vacancies at Rome Business School Nigeria,"December 29, 2022",https://www.intelregion.com/jobs/latest-vacancies-at-rome-business-school-nigeria/
Fresh Jobs at Alfred and Victoria Associates,"December 29, 2022",https://www.intelregion.com/jobs/fresh-jobs-at-alfred-and-victoria-associates-2/
Latest Jobs at Alan and Grant,"December 29, 2022",https://www.intelregion.com/jobs/latest-jobs-at-alan-and-grant/
Latest Vacancy at 9mobile Nigeria,"December 29, 2022",https://www.intelregion.com/jobs/latest-vacancy-at-9mobile-nigeria-2/
Latest Job Vacancies at Dangote Group,"December 29, 2022",https://www.intelregion.com/jobs/latest-job-vacancies-at-dangote-group/
Job Vacancy at Guaranty Trust Bank Plc,"December 29, 2022",https://www.intelregion.com/jobs/job-vacancy-at-guaranty-trust-bank-plc-3/
Job Opportunities at the African Union (AU),"December 28, 2022",https://www.intelregion.com/jobs/job-opportunities-at-the-african-union-3/
Junior Account Officer at JMG Limited,"December 28, 2022",https://www.intelregion.com/jobs/junior-account-officer-at-jmg-limited-2/
Latest Vacancy at Sahara Group,"December 28, 2022",https://www.intelregion.com/jobs/latest-vacancy-at-sahara-group-3/
Sales Executive at uLesson Education Limited,"December 28, 2022",https://www.intelregion.com/jobs/sales-executive-at-ulesson-education-limited/
Graduate Job at the British High Commission of Nigeria,"December 28, 2022",https://www.intelregion.com/jobs/job-at-the-british-high-commission-of-nigeria/
Accountant at the OPEC Fund for International Development,"December 28, 2022",https://www.intelregion.com/jobs/accountant-at-the-opec-fund-for-international-development/
2023 Mastercard Foundation Graduate Internship Program,"December 28, 2022",https://www.intelregion.com/jobs/mastercard-foundation-graduate-internship-program/
Fresh Job at Qatar Airways,"December 28, 2022",https://www.intelregion.com/jobs/fresh-job-at-qatar-airways-2/
Latest Job Recruitment at Cadbury Nigeria Plc – Mondelez International,"December 28, 2022",https://www.intelregion.com/jobs/latest-job-recruitment-at-cadbury-nigeria-plc/
Support Officer at Phillips Outsourcing Services,"December 28, 2022",https://www.intelregion.com/jobs/support-officer-at-phillips-outsourcing-services/
Latest Jobs at Stanbic IBTC Bank,"December 23, 2022",https://www.intelregion.com/jobs/latest-jobs-at-stanbic-ibtc-bank-4/
Job Opportunities at Dragnet Nigeria,"December 23, 2022",https://www.intelregion.com/jobs/job-opportunities-at-dragnet-nigeria/
Graduate Jobs at George Houston Resources Limited,"December 23, 2022",https://www.intelregion.com/jobs/graduate-jobs-at-george-houston-resources-limited/
Procurement Supervisor at MAERSK Group,"December 23, 2022",https://www.intelregion.com/jobs/procurement-supervisor-at-maersk-group/
Job Vacancy at KPMG Nigeria,"December 23, 2022",https://www.intelregion.com/jobs/job-vacancy-at-kpmg-nigeria-2/
Job at CWAY Foods and Beverages Nigeria Ltd,"December 22, 2022",https://www.intelregion.com/jobs/job-at-cway-foods-and-beverages-nigeria-ltd-3/
Job Openings at Lorache Consulting Limited,"December 22, 2022",https://www.intelregion.com/jobs/job-openings-at-lorache-consulting-limited-4/
Latest Job at Leadway Assurance Company Limited,"December 22, 2022",https://www.intelregion.com/jobs/job-at-leadway-assurance-company-limited-2/
Latest Vacancy at Standard Chartered Bank,"December 22, 2022",https://www.intelregion.com/jobs/latest-vacancy-at-standard-chartered-bank-2/
Administrative Assistant at the World Bank Group,"December 22, 2022",https://www.intelregion.com/jobs/administrative-assistant-at-the-world-bank-group/
Job Vacancy at Northwest Petroleum and Gas Company Limited,"December 22, 2022",https://www.intelregion.com/jobs/job-vacancy-at-northwest-petroleum-and-gas-company-limited/
Entry Level Jobs at Ascentech Services Limited,"December 22, 2022",https://www.intelregion.com/jobs/entry-level-jobs-at-ascentech-services-limited-4/
Sales Executive at JMG Limited,"December 22, 2022",https://www.intelregion.com/jobs/sales-executive-at-jmg-limited-2/
Shell Graduate Internship Program 2023 – Shell Petroleum Development Company,"December 22, 2022",https://www.intelregion.com/jobs/shell-graduate-internship-program/
Latest Vacancies at UNDP – United Nations Development Programme,"December 22, 2022",https://www.intelregion.com/jobs/latest-vacancies-at-undp/
Latest Jobs at Binance Nigeria,"December 21, 2022",https://www.intelregion.com/jobs/latest-jobs-at-binance-nigeria/
Latest Job Vacancy at Cadbury Nigeria Plc – Mondelez International,"December 21, 2022",https://www.intelregion.com/jobs/latest-job-vacancy-at-cadbury-nigeria-plc/
Latest Vacancy at Deloitte Nigeria,"December 21, 2022",https://www.intelregion.com/jobs/latest-vacancy-at-deloitte-nigeria/
Delta State Civil Service Commission Latest Recruitment,"December 21, 2022",https://www.intelregion.com/jobs/delta-state-civil-service-commission-latest-recruitment/
Latest Job Opportunities at MTN Nigeria,"December 21, 2022",https://www.intelregion.com/jobs/latest-job-opportunities-at-mtn-nigeria-2/
Job Opening at Unilever Nigeria Plc,"December 21, 2022",https://www.intelregion.com/jobs/job-opening-at-unilever-nigeria-plc/
Latest Vacancies at Coca-Cola Hellenic Bottling Company,"December 21, 2022",https://www.intelregion.com/jobs/vacancies-at-coca-cola-hellenic-bottling-company-3/
Entry Level Job at PZ Cussons Nigeria Plc,"December 21, 2022",https://www.intelregion.com/jobs/entry-level-job-at-pz-cussons-nigeria-plc/
British Council of Nigeria Graduate Internship Program 2023,"December 21, 2022",https://www.intelregion.com/jobs/british-council-of-nigeria-graduate-internship-program/
Chicken Republic Graduate Trainee Programme 2023 – Food Concepts Plc,"December 21, 2022",https://www.intelregion.com/jobs/chicken-republic-graduate-trainee-programme/
11 Steps to Message a Recruiter on LinkedIn (+ Sample),"December 21, 2022",https://www.intelregion.com/jobs/steps-to-message-a-recruiter-on-linkedin/
Nigerian Air Force Recruitment 2022/2023 – Direct Short Service,"December 20, 2022",https://www.intelregion.com/jobs/nigerian-air-force-recruitment/
Latest Vacancy at Guaranty Trust Bank Plc,"December 20, 2022",https://www.intelregion.com/jobs/latest-vacancy-at-guaranty-trust-bank-plc/
Interswitch Group Graduate Internship Programme 2023,"December 20, 2022",https://www.intelregion.com/jobs/interswitch-group-graduate-internship-programme/
Latest Vacancies at Henkel Nigeria,"December 20, 2022",https://www.intelregion.com/jobs/latest-vacancies-at-henkel-nigeria/
Job Vacancy at Interswitch Group,"December 20, 2022",https://www.intelregion.com/jobs/job-vacancy-at-interswitch-group/
Latest Recruitment at Qatar Airways,"December 20, 2022",https://www.intelregion.com/jobs/latest-recruitment-at-qatar-airways-2/
Procurement Officer at Eko Maintenance Limited,"December 20, 2022",https://www.intelregion.com/jobs/procurement-officer-at-eko-maintenance-limited-5/
Fresh Job at Stanbic IBTC Bank,"December 20, 2022",https://www.intelregion.com/jobs/fresh-job-at-stanbic-ibtc-bank-4/
2023 Coronation Merchant Bank Graduate Trainee Program,"December 20, 2022",https://www.intelregion.com/jobs/coronation-merchant-bank-graduate-trainee-program-3/
Latest Jobs at the United Nations Population Fund (UNFPA),"December 20, 2022",https://www.intelregion.com/jobs/latest-jobs-at-the-united-nations-population-fund-unfpa/
Fresh Vacancies at Mactay Consulting,"December 19, 2022",https://www.intelregion.com/jobs/fresh-vacancies-at-mactay-consulting-3/
Graduate Job at JMG Limited,"December 19, 2022",https://www.intelregion.com/jobs/graduate-job-at-jmg-limited/
Administrative Assistant at IITA – International Institute of Tropical Agriculture,"December 19, 2022",https://www.intelregion.com/jobs/administrative-assistant-at-iita/
Admin Officer at Tempkers Limited,"December 19, 2022",https://www.intelregion.com/jobs/admin-officer-at-tempkers-limited/
Latest Vacancies at MAERSK Group,"December 19, 2022",https://www.intelregion.com/jobs/latest-vacancies-at-maersk-group-2/
Procurement Officer at Flour Mills of Nigeria Plc,"December 19, 2022",https://www.intelregion.com/jobs/procurement-officer-at-flour-mills-of-nigeria-plc/
Marketing Officer at GUS Consulting Limited,"December 19, 2022",https://www.intelregion.com/jobs/marketing-officer-at-gus-consulting-limited/
Junior Accountant at Phillips Outsourcing Services,"December 19, 2022",https://www.intelregion.com/jobs/junior-accountant-at-phillips-outsourcing-services/
Latest Job at Airtel Nigeria,"December 19, 2022",https://www.intelregion.com/jobs/latest-job-at-airtel-nigeria-2/
Job Vacancy at the British Council of Nigeria,"December 19, 2022",https://www.intelregion.com/jobs/job-vacancy-at-the-british-council-of-nigeria/
Nigerian Teachers Needed in UK Schools: How to Apply,"December 16, 2022",https://www.intelregion.com/jobs/teachers-needed-in-uk/
Career Opportunities at 9mobile Nigeria,"December 16, 2022",https://www.intelregion.com/jobs/career-opportunities-at-9mobile-nigeria-4/
Latest Vacancies at First Bank of Nigeria (FBN),"December 16, 2022",https://www.intelregion.com/jobs/latest-vacancies-at-first-bank-of-nigeria-fbn/
Latest Job Vacancy at Coca-Cola Hellenic Bottling Company,"December 16, 2022",https://www.intelregion.com/jobs/latest-job-vacancy-at-coca-cola/
Job Vacancies at Stanbic IBTC Bank,"December 16, 2022",https://www.intelregion.com/jobs/job-vacancies-at-stanbic-ibtc-bank-4/
Latest Recruitment at Cadbury Nigeria Plc – Mondelez International,"December 16, 2022",https://www.intelregion.com/jobs/latest-recruitment-at-cadbury-nigeria-plc-2/
Latest Vacancies at Lorache Consulting Limited,"December 15, 2022",https://www.intelregion.com/jobs/latest-vacancies-at-lorache-consulting-limited-2/
Graduate Jobs at Cowbell Milk – Promasidor Nigeria,"December 15, 2022",https://www.intelregion.com/jobs/graduate-jobs-at-cowbell-milk-promasidor-nigeria/
Work in Ireland: A guide to finding a Job in Ireland as a Foreigner,"December 15, 2022",https://www.intelregion.com/jobs/job-in-ireland/
Job Vacancies at KPMG Nigeria,"December 15, 2022",https://www.intelregion.com/jobs/job-vacancies-at-kpmg-nigeria-2/
Massive Recruitment at Nigeria LNG Limited 2023,"December 15, 2022",https://www.intelregion.com/jobs/massive-recruitment-at-nigeria-lng-limited/
Job Vacancies at Lagos State Employment Trust Fund (LSETF),"December 15, 2022",https://www.intelregion.com/jobs/job-vacancies-at-lagos-state-employment-trust-fund/
Cashier at Rainoil Oil and Gas Company,"December 15, 2022",https://www.intelregion.com/jobs/cashier-at-rainoil-oil-and-gas-company/
Accountant at Fadac Resources and Services Limited,"December 15, 2022",https://www.intelregion.com/jobs/accountant-at-fadac-resources-and-services-limited/
Job Vacancies at MTN Nigeria,"December 15, 2022",https://www.intelregion.com/jobs/job-vacancies-at-mtn-nigeria-5/
Latest Jobs at Standard Chartered Bank,"December 15, 2022",https://www.intelregion.com/jobs/latest-jobs-at-standard-chartered-bank-2/
Fresh Vacancy at CWAY Foods and Beverages Nigeria Ltd,"December 15, 2022",https://www.intelregion.com/jobs/fresh-vacancy-at-cway-foods-and-beverages-nigeria-ltd/
Administrative Assistant at Workforce Group,"December 14, 2022",https://www.intelregion.com/jobs/administrative-assistant-at-workforce-group/
